{"LC80311222014338LGN00": {"total_pixels": 110889, "correct": 106217, "incorrect": 4672, "notrock": 102167, "false_notrock": 1501, "false_rock": 3171, "rock": 4050, "accuracy": 0.9578677776875975, "classification_accuracy": 0.4643430405870213, "rock_omission": 0.27040172941812285, "rock_commission": 0.4391358537598671, "notrock_omission": 0.030103096698247546, "notrock_commission": 0.014478913454489331, "f1_rock": 0.3347055804269774, "rock_producers": 72.95982705818771, "notrock_producers": 96.98969033017525, "rock_users": 56.086414624013294, "notrock_users": 98.55210865455106}, "LC80631112014002LGN00": {"total_pixels": 110889, "correct": 106642, "incorrect": 4247, "notrock": 100302, "false_notrock": 1067, "false_rock": 3180, "rock": 6340, "accuracy": 0.9617004391779167, "classification_accuracy": 0.598847643336167, "rock_omission": 0.14405292291076008, "rock_commission": 0.33403361344537813, "notrock_omission": 0.03072998202585957, "notrock_commission": 0.010525900423206306, "f1_rock": 0.2012962704785522, "rock_producers": 85.59470770892399, "notrock_producers": 96.92700179741405, "rock_users": 66.59663865546219, "notrock_users": 98.94740995767937}, "LC81041072013303LGN00": {"total_pixels": 111222, "correct": 101374, "incorrect": 9848, "notrock": 98215, "false_notrock": 798, "false_rock": 9050, "rock": 3159, "accuracy": 0.9114563665461869, "classification_accuracy": 0.24286922426385793, "rock_omission": 0.20166793025018953, "rock_commission": 0.7412564501597182, "notrock_omission": 0.08437048431454808, "notrock_commission": 0.008059547736155859, "f1_rock": 0.31707241257952823, "rock_producers": 79.83320697498104, "notrock_producers": 91.56295156854519, "rock_users": 25.874354984028177, "notrock_users": 99.19404522638442}, "LC81431082013352LGN00": {"total_pixels": 111222, "correct": 96644, "incorrect": 14578, "notrock": 80756, "false_notrock": 7127, "false_rock": 7451, "rock": 15888, "accuracy": 0.8689288090485695, "classification_accuracy": 0.5214993763539684, "rock_omission": 0.30966760808168586, "rock_commission": 0.3192510390333776, "notrock_omission": 0.08447175394243087, "notrock_commission": 0.08109645779047142, "f1_rock": 0.31438630763629366, "rock_producers": 69.03323919183141, "notrock_producers": 91.55282460575691, "rock_users": 68.07489609666224, "notrock_users": 91.89035422095286}, "LC81681112014002LGN00": {"total_pixels": 111556, "correct": 101338, "incorrect": 10218, "notrock": 97323, "false_notrock": 5604, "false_rock": 4614, "rock": 4015, "accuracy": 0.9084047473914446, "classification_accuracy": 0.28209091547811427, "rock_omission": 0.5825969435492255, "rock_commission": 0.5347085409665083, "notrock_omission": 0.04526325083139586, "notrock_commission": 0.05444635518377102, "f1_rock": 0.5576264790139707, "rock_producers": 41.740305645077456, "notrock_producers": 95.47367491686042, "rock_users": 46.529145903349175, "notrock_users": 94.55536448162289}, "LC82071182013336LGN00": {"total_pixels": 111556, "correct": 101105, "incorrect": 10451, "notrock": 98439, "false_notrock": 5786, "false_rock": 4665, "rock": 2666, "accuracy": 0.9063161102943813, "classification_accuracy": 0.2032476938324312, "rock_omission": 0.6845716990061524, "rock_commission": 0.6363388350838903, "notrock_omission": 0.04524557728119181, "notrock_commission": 0.05551451187335092, "f1_rock": 0.6595746588955277, "rock_producers": 31.542830099384762, "notrock_producers": 95.47544227188082, "rock_users": 36.36611649161097, "notrock_users": 94.44854881266491}, "LC82091172014001LGN00": {"total_pixels": 110889, "correct": 105149, "incorrect": 5740, "notrock": 105063, "false_notrock": 88, "false_rock": 5652, "rock": 86, "accuracy": 0.9482365248131014, "classification_accuracy": 0.014761414349467903, "rock_omission": 0.5057471264367817, "rock_commission": 0.9850121993726036, "notrock_omission": 0.05104999322585015, "notrock_commission": 0.0008368917081149965, "f1_rock": 0.6683400609516847, "rock_producers": 49.42528735632184, "notrock_producers": 94.89500067741498, "rock_users": 1.4987800627396306, "notrock_users": 99.9163108291885}, "LC82131132013362LGN00": {"total_pixels": 110889, "correct": 104078, "incorrect": 6811, "notrock": 102325, "false_notrock": 677, "false_rock": 6134, "rock": 1753, "accuracy": 0.9385782178574972, "classification_accuracy": 0.20469406819243344, "rock_omission": 0.2786008230452675, "rock_commission": 0.7777355141371878, "notrock_omission": 0.0565559335785873, "notrock_commission": 0.006572687908972641, "f1_rock": 0.4102438716215993, "rock_producers": 72.13991769547326, "notrock_producers": 94.34440664214127, "rock_users": 22.226448586281222, "notrock_users": 99.34273120910274}, "LC82201072015017LGN00": {"total_pixels": 110889, "correct": 100085, "incorrect": 10804, "notrock": 95091, "false_notrock": 6591, "false_rock": 4213, "rock": 4994, "accuracy": 0.9025692359025692, "classification_accuracy": 0.3161159640460818, "rock_omission": 0.5689253344842469, "rock_commission": 0.45758661887694146, "notrock_omission": 0.04242527994844115, "notrock_commission": 0.06481973210597745, "f1_rock": 0.5072179030115569, "rock_producers": 43.107466551575314, "notrock_producers": 95.75747200515589, "rock_users": 54.24133811230586, "notrock_users": 93.51802678940226}, "ryder_bay_abj": {"total_pixels": 110889, "correct": 106273, "incorrect": 4616, "notrock": 105120, "false_notrock": 1462, "false_rock": 3154, "rock": 1153, "accuracy": 0.958372787201616, "classification_accuracy": 0.1998613277864448, "rock_omission": 0.5590822179732313, "rock_commission": 0.7322962618992338, "notrock_omission": 0.0291298003214068, "notrock_commission": 0.013717137978270252, "f1_rock": 0.6340725429411881, "rock_producers": 44.09177820267686, "notrock_producers": 97.08701996785932, "rock_users": 26.77037381007662, "notrock_users": 98.62828620217297}, "aggregate": {"total_pixels": {"mean": 111089, "stdev": 281.1778796420515}, "correct": {"mean": 102890, "stdev": 3297.798356479668}, "incorrect": {"mean": 8198, "stdev": 3467.5299566117665}, "notrock": {"mean": 98480, "stdev": 7040.82708209767}, "false_notrock": {"mean": 3070, "stdev": 2818.484344466011}, "false_rock": {"mean": 5128, "stdev": 1969.26483744569}, "rock": {"mean": 4410, "stdev": 4435.55419310823}, "accuracy": {"mean": 0.926243101592088, "stdev": 0.031099919301398975}, "classification_accuracy": {"mean": 0.3048330668225988, "stdev": 0.17601273825047417}, "rock_omission": {"mean": 0.41053143351556637, "stdev": 0.18937818990343877}, "rock_commission": {"mean": 0.5957354926734706, "stdev": 0.21561245071640323}, "notrock_omission": {"mean": 0.04993451521679591, "stdev": 0.02032752698643769}, "notrock_commission": {"mean": 0.03100681361627802, "stdev": 0.02949147742067588}, "f1_rock": {"mean": 0.46045360875568786, "stdev": 0.16734160140342172}, "rock_producers": {"mean": 58.946856648443365, "stdev": 18.93781899034387}, "notrock_producers": {"mean": 95.00654847832041, "stdev": 2.0327526986437725}, "rock_users": {"mean": 40.42645073265294, "stdev": 21.561245071640325}, "notrock_users": {"mean": 96.8993186383722, "stdev": 2.949147742067589}}}