{"LC80311222014338LGN00": {"total_pixels": 110889, "correct": 84128, "incorrect": 26761, "notrock": 79211, "false_notrock": 634, "false_rock": 26127, "rock": 4917, "accuracy": 0.7586685784883983, "classification_accuracy": 0.15521813245785718, "rock_omission": 0.11421365519726176, "rock_commission": 0.8416119056822574, "notrock_omission": 0.24803015056294975, "notrock_commission": 0.007940384494958984, "f1_rock": 0.2011320390240537, "rock_producers": 88.57863448027382, "notrock_producers": 75.19698494370502, "rock_users": 15.838809431774257, "notrock_users": 99.20596155050411}, "LC80631112014002LGN00": {"total_pixels": 110889, "correct": 83506, "incorrect": 27383, "notrock": 76191, "false_notrock": 92, "false_rock": 27291, "rock": 7315, "accuracy": 0.7530593656719783, "classification_accuracy": 0.21081906738140527, "rock_omission": 0.012420683137572566, "rock_commission": 0.7886204704386522, "notrock_omission": 0.2637270249898533, "notrock_commission": 0.0012060354207359437, "f1_rock": 0.02445618414332773, "rock_producers": 98.75793168624274, "notrock_producers": 73.62729750101467, "rock_users": 21.137952956134775, "notrock_users": 99.8793964579264}, "LC81041072013303LGN00": {"total_pixels": 111222, "correct": 74487, "incorrect": 36735, "notrock": 70806, "false_notrock": 276, "false_rock": 36459, "rock": 3681, "accuracy": 0.6697146248044452, "classification_accuracy": 0.09107779097387174, "rock_omission": 0.06974981046247157, "rock_commission": 0.9082959641255606, "notrock_omission": 0.33989651796951476, "notrock_commission": 0.0038828395374356376, "f1_rock": 0.12955113755953024, "rock_producers": 93.02501895375285, "notrock_producers": 66.01034820304854, "rock_users": 9.170403587443946, "notrock_users": 99.61171604625643}, "LC81431082013352LGN00": {"total_pixels": 111222, "correct": 87261, "incorrect": 23961, "notrock": 65125, "false_notrock": 879, "false_rock": 23082, "rock": 22136, "accuracy": 0.7845660031288774, "classification_accuracy": 0.4802047855608825, "rock_omission": 0.03819248316315446, "rock_commission": 0.5104604361095139, "notrock_omission": 0.2616799120251227, "notrock_commission": 0.01331737470456336, "f1_rock": 0.07106770392259641, "rock_producers": 96.18075168368455, "notrock_producers": 73.83200879748773, "rock_users": 48.95395638904861, "notrock_users": 98.66826252954365}, "LC81681112014002LGN00": {"total_pixels": 111556, "correct": 88734, "incorrect": 22822, "notrock": 81137, "false_notrock": 2022, "false_rock": 20800, "rock": 7597, "accuracy": 0.7954211337803435, "classification_accuracy": 0.24974522502383378, "rock_omission": 0.21020896143050213, "rock_commission": 0.7324717399725323, "notrock_omission": 0.20404759802623187, "notrock_commission": 0.024314866701138783, "f1_rock": 0.3266686662995331, "rock_producers": 78.97910385694978, "notrock_producers": 79.59524019737681, "rock_users": 26.752826002746772, "notrock_users": 97.56851332988612}, "LC82071182013336LGN00": {"total_pixels": 111556, "correct": 75633, "incorrect": 35923, "notrock": 69314, "false_notrock": 2133, "false_rock": 33790, "rock": 6319, "accuracy": 0.6779823586360214, "classification_accuracy": 0.14959045499739596, "rock_omission": 0.2523663038334122, "rock_commission": 0.8424543119998006, "notrock_omission": 0.32772734326505276, "notrock_commission": 0.029854297591221466, "f1_rock": 0.3883870613928938, "rock_producers": 74.76336961665878, "notrock_producers": 67.22726567349471, "rock_users": 15.754568800019946, "notrock_users": 97.01457024087784}, "LC82091172014001LGN00": {"total_pixels": 110889, "correct": 73064, "incorrect": 37825, "notrock": 72909, "false_notrock": 19, "false_rock": 37806, "rock": 155, "accuracy": 0.6588931273615958, "classification_accuracy": 0.004081095313322802, "rock_omission": 0.10919540229885058, "rock_commission": 0.9959168620426226, "notrock_omission": 0.3414713453461591, "notrock_commission": 0.0002605309346204476, "f1_rock": 0.19681175554006897, "rock_producers": 89.08045977011494, "notrock_producers": 65.8528654653841, "rock_users": 0.4083137957377308, "notrock_users": 99.97394690653796}, "LC82131132013362LGN00": {"total_pixels": 110889, "correct": 66986, "incorrect": 43903, "notrock": 64706, "false_notrock": 150, "false_rock": 43753, "rock": 2280, "accuracy": 0.604081559036514, "classification_accuracy": 0.049368815364961134, "rock_omission": 0.06172839506172839, "rock_commission": 0.9504703147741838, "notrock_omission": 0.4034058953152804, "notrock_commission": 0.0023128160848649316, "f1_rock": 0.11592784403832589, "rock_producers": 93.82716049382715, "notrock_producers": 59.659410468471954, "rock_users": 4.952968522581626, "notrock_users": 99.76871839151352}, "LC82201072015017LGN00": {"total_pixels": 110889, "correct": 89337, "incorrect": 21552, "notrock": 81369, "false_notrock": 3617, "false_rock": 17935, "rock": 7968, "accuracy": 0.805643481319157, "classification_accuracy": 0.26991869918699185, "rock_omission": 0.3122140699179974, "rock_commission": 0.6923908427595259, "notrock_omission": 0.18060702489325706, "notrock_commission": 0.042559951050761304, "f1_rock": 0.4303665257135674, "rock_producers": 68.77859300820026, "notrock_producers": 81.9392975106743, "rock_users": 30.760915724047404, "notrock_users": 95.74400489492388}, "ryder_bay_abj": {"total_pixels": 110889, "correct": 72527, "incorrect": 38362, "notrock": 70796, "false_notrock": 884, "false_rock": 37478, "rock": 1731, "accuracy": 0.6540504468432397, "classification_accuracy": 0.04317461901079989, "rock_omission": 0.3380497131931166, "rock_commission": 0.9558519727613558, "notrock_omission": 0.3461403476365517, "notrock_commission": 0.012332589285714285, "f1_rock": 0.49945909917984394, "rock_producers": 66.19502868068834, "notrock_producers": 65.38596523634483, "rock_users": 4.414802723864419, "notrock_users": 98.76674107142858}, "aggregate": {"total_pixels": {"mean": 111089, "stdev": 281.1778796420515}, "correct": {"mean": 79566, "stdev": 7933.177736569375}, "incorrect": {"mean": 31522, "stdev": 7876.863398587029}, "notrock": {"mean": 73156, "stdev": 6135.84647787084}, "false_notrock": {"mean": 1070, "stdev": 1170.1170881582748}, "false_rock": {"mean": 30452, "stdev": 8566.340583936644}, "rock": {"mean": 6409, "stdev": 6143.851153795964}, "accuracy": {"mean": 0.716208067907057, "stdev": 0.07106405150688974}, "classification_accuracy": {"mean": 0.1703198685271322, "stdev": 0.14113218412541195}, "rock_omission": {"mean": 0.15183394776960676, "stdev": 0.11754577394021938}, "rock_commission": {"mean": 0.8218544820666005, "stdev": 0.14753634977091268}, "notrock_omission": {"mean": 0.29167331600299734, "stdev": 0.07083263015803216}, "notrock_commission": {"mean": 0.013798168580601514, "stdev": 0.014159369066982001}, "f1_rock": {"mean": 0.23838280168137413, "stdev": 0.16296847473728704}, "rock_producers": {"mean": 84.81660522303932, "stdev": 11.754577394021938}, "notrock_producers": {"mean": 70.83266839970027, "stdev": 7.083263015803214}, "rock_users": {"mean": 17.814551793339948, "stdev": 14.753634977091266}, "notrock_users": {"mean": 98.62018314193985, "stdev": 1.415936906698202}}}