{"LC80311222014338LGN00": {"total_pixels": 110889, "correct": 106414, "incorrect": 4475, "notrock": 102220, "false_notrock": 1357, "false_rock": 3118, "rock": 4194, "accuracy": 0.9596443290136983, "classification_accuracy": 0.4837928250086515, "rock_omission": 0.24446045757521168, "rock_commission": 0.4264223194748359, "notrock_omission": 0.029599954432398566, "notrock_commission": 0.013101364202477385, "f1_rock": 0.3107648576029101, "rock_producers": 75.55395424247884, "notrock_producers": 97.04000455676014, "rock_users": 57.35776805251641, "notrock_users": 98.68986357975226}, "LC80631112014002LGN00": {"total_pixels": 110889, "correct": 104116, "incorrect": 6773, "notrock": 97703, "false_notrock": 994, "false_rock": 5779, "rock": 6413, "accuracy": 0.9389209028848668, "classification_accuracy": 0.4863491581980889, "rock_omission": 0.13419738085594707, "rock_commission": 0.473999343832021, "notrock_omission": 0.05584546104636555, "notrock_commission": 0.010071228102171292, "f1_rock": 0.20917399876603812, "rock_producers": 86.58026191440528, "notrock_producers": 94.41545389536344, "rock_users": 52.6000656167979, "notrock_users": 98.99287718978287}, "LC81041072013303LGN00": {"total_pixels": 111222, "correct": 99658, "incorrect": 11564, "notrock": 96581, "false_notrock": 880, "false_rock": 10684, "rock": 3077, "accuracy": 0.8960277642912373, "classification_accuracy": 0.21016324021583224, "rock_omission": 0.22239070002527167, "rock_commission": 0.7763970641668484, "notrock_omission": 0.09960378501841234, "notrock_commission": 0.009029252726731718, "f1_rock": 0.3457460989969012, "rock_producers": 77.76092999747283, "notrock_producers": 90.03962149815877, "rock_users": 22.360293583315165, "notrock_users": 99.09707472732683}, "LC81431082013352LGN00": {"total_pixels": 111222, "correct": 93971, "incorrect": 17251, "notrock": 77997, "false_notrock": 7041, "false_rock": 10210, "rock": 15974, "accuracy": 0.8448957939975904, "classification_accuracy": 0.48078254326561326, "rock_omission": 0.3059309146208994, "rock_commission": 0.3899327833791629, "notrock_omission": 0.11575045064450667, "notrock_commission": 0.08279827841670782, "f1_rock": 0.34286166501489107, "rock_producers": 69.40690853791006, "notrock_producers": 88.42495493554934, "rock_users": 61.00672166208372, "notrock_users": 91.72017215832922}, "LC81681112014002LGN00": {"total_pixels": 111556, "correct": 99150, "incorrect": 12406, "notrock": 93723, "false_notrock": 4192, "false_rock": 8214, "rock": 5427, "accuracy": 0.888791279716017, "classification_accuracy": 0.30432344529804295, "rock_omission": 0.43580413764424575, "rock_commission": 0.6021552672091489, "notrock_omission": 0.08057918125901292, "notrock_commission": 0.042812643619465865, "f1_rock": 0.5056493649500463, "rock_producers": 56.41958623557542, "notrock_producers": 91.94208187409872, "rock_users": 39.784473279085105, "notrock_users": 95.7187356380534}, "LC82071182013336LGN00": {"total_pixels": 111556, "correct": 93564, "incorrect": 17992, "notrock": 89691, "false_notrock": 4579, "false_rock": 13413, "rock": 3873, "accuracy": 0.8387177740327728, "classification_accuracy": 0.1771324033844043, "rock_omission": 0.5417652626597255, "rock_commission": 0.7759458521346755, "notrock_omission": 0.1300919459962756, "notrock_commission": 0.04857324705632757, "f1_rock": 0.6380465394451162, "rock_producers": 45.823473734027445, "notrock_producers": 86.99080540037244, "rock_users": 22.405414786532454, "notrock_users": 95.14267529436724}, "LC82091172014001LGN00": {"total_pixels": 110889, "correct": 95445, "incorrect": 15444, "notrock": 95363, "false_notrock": 92, "false_rock": 15352, "rock": 82, "accuracy": 0.8607255904553202, "classification_accuracy": 0.005281463351796986, "rock_omission": 0.5287356321839081, "rock_commission": 0.9946870545548788, "notrock_omission": 0.13866233121076638, "notrock_commission": 0.0009638049342622178, "f1_rock": 0.6904537961700988, "rock_producers": 47.12643678160919, "notrock_producers": 86.13376687892335, "rock_users": 0.5312945445121161, "notrock_users": 99.90361950657378}, "LC82131132013362LGN00": {"total_pixels": 110889, "correct": 98684, "incorrect": 12205, "notrock": 96795, "false_notrock": 541, "false_rock": 11664, "rock": 1889, "accuracy": 0.8899349800250701, "classification_accuracy": 0.13402866468000568, "rock_omission": 0.22263374485596707, "rock_commission": 0.8606212646646499, "notrock_omission": 0.1075429424943988, "notrock_commission": 0.00555806690227665, "f1_rock": 0.3537548100327021, "rock_producers": 77.73662551440329, "notrock_producers": 89.24570575056012, "rock_users": 13.937873533535011, "notrock_users": 99.44419330977233}, "LC82201072015017LGN00": {"total_pixels": 110889, "correct": 98855, "incorrect": 12034, "notrock": 92272, "false_notrock": 5002, "false_rock": 7032, "rock": 6583, "accuracy": 0.8914770626482338, "classification_accuracy": 0.35360154697319657, "rock_omission": 0.43176521363832543, "rock_commission": 0.5164891663606317, "notrock_omission": 0.07081285748811729, "notrock_commission": 0.05142175709850525, "f1_rock": 0.4703422624967448, "rock_producers": 56.82347863616746, "notrock_producers": 92.91871425118828, "rock_users": 48.35108336393684, "notrock_users": 94.85782429014947}, "ryder_bay_abj": {"total_pixels": 110889, "correct": 100014, "incorrect": 10875, "notrock": 98562, "false_notrock": 1163, "false_rock": 9712, "rock": 1452, "accuracy": 0.90192895598301, "classification_accuracy": 0.11779021659771234, "rock_omission": 0.4447418738049713, "rock_commission": 0.869939089931924, "notrock_omission": 0.08969835786984871, "notrock_commission": 0.011662070694409627, "f1_rock": 0.5885813389322714, "rock_producers": 55.525812619502865, "notrock_producers": 91.03016421301513, "rock_users": 13.006091006807596, "notrock_users": 98.83379293055904}, "aggregate": {"total_pixels": {"mean": 111089, "stdev": 281.1778796420515}, "correct": {"mean": 98987, "stdev": 4085.5122077898627}, "incorrect": {"mean": 12101, "stdev": 4227.492755759612}, "notrock": {"mean": 94090, "stdev": 6633.81692542084}, "false_notrock": {"mean": 2584, "stdev": 2394.8475943157637}, "false_rock": {"mean": 9517, "stdev": 3628.7230536374636}, "rock": {"mean": 4896, "stdev": 4435.678189409146}, "accuracy": {"mean": 0.8911064433047817, "stdev": 0.037910527954363574}, "classification_accuracy": {"mean": 0.27532455069733447, "stdev": 0.1728082348011296}, "rock_omission": {"mean": 0.35124253178644727, "stdev": 0.14293999218525025}, "rock_commission": {"mean": 0.6686589205708777, "stdev": 0.21307618273345597}, "notrock_omission": {"mean": 0.09181872674601028, "stdev": 0.03379196067526037}, "notrock_commission": {"mean": 0.02759917137533354, "stdev": 0.02707462915284852}, "f1_rock": {"mean": 0.44553747324077203, "stdev": 0.15800494283424685}, "rock_producers": {"mean": 64.87574682135526, "stdev": 14.293999218525025}, "notrock_producers": {"mean": 90.81812732539898, "stdev": 3.3791960675260375}, "rock_users": {"mean": 33.13410794291223, "stdev": 21.3076182733456}, "notrock_users": {"mean": 97.24008286246664, "stdev": 2.7074629152848533}}}