{"LC80311222014338LGN00": {"total_pixels": 110889, "correct": 105338, "incorrect": 5551, "notrock": 105338, "false_notrock": 5551, "false_rock": 0, "rock": 0, "accuracy": 0.949940931922914, "classification_accuracy": 0.0, "rock_omission": 1.0, "rock_commission": NaN, "notrock_omission": 0.0, "notrock_commission": 0.05005906807708609, "f1_rock": NaN, "rock_producers": 0.0, "notrock_producers": 100.0, "rock_users": NaN, "notrock_users": 94.9940931922914}, "LC80631112014002LGN00": {"total_pixels": 110889, "correct": 103482, "incorrect": 7407, "notrock": 103482, "false_notrock": 7407, "false_rock": 0, "rock": 0, "accuracy": 0.9332034737440142, "classification_accuracy": 0.0, "rock_omission": 1.0, "rock_commission": NaN, "notrock_omission": 0.0, "notrock_commission": 0.06679652625598571, "f1_rock": NaN, "rock_producers": 0.0, "notrock_producers": 100.0, "rock_users": NaN, "notrock_users": 93.32034737440142}, "LC81041072013303LGN00": {"total_pixels": 111222, "correct": 107265, "incorrect": 3957, "notrock": 107265, "false_notrock": 3957, "false_rock": 0, "rock": 0, "accuracy": 0.964422506338674, "classification_accuracy": 0.0, "rock_omission": 1.0, "rock_commission": NaN, "notrock_omission": 0.0, "notrock_commission": 0.035577493661325996, "f1_rock": NaN, "rock_producers": 0.0, "notrock_producers": 100.0, "rock_users": NaN, "notrock_users": 96.4422506338674}, "LC81431082013352LGN00": {"total_pixels": 111222, "correct": 88207, "incorrect": 23015, "notrock": 88207, "false_notrock": 23015, "false_rock": 0, "rock": 0, "accuracy": 0.7930715146284009, "classification_accuracy": 0.0, "rock_omission": 1.0, "rock_commission": NaN, "notrock_omission": 0.0, "notrock_commission": 0.20692848537159914, "f1_rock": NaN, "rock_producers": 0.0, "notrock_producers": 100.0, "rock_users": NaN, "notrock_users": 79.30715146284008}, "LC81681112014002LGN00": {"total_pixels": 111556, "correct": 101937, "incorrect": 9619, "notrock": 101937, "false_notrock": 9619, "false_rock": 0, "rock": 0, "accuracy": 0.9137742479113629, "classification_accuracy": 0.0, "rock_omission": 1.0, "rock_commission": NaN, "notrock_omission": 0.0, "notrock_commission": 0.0862257520886371, "f1_rock": NaN, "rock_producers": 0.0, "notrock_producers": 100.0, "rock_users": NaN, "notrock_users": 91.37742479113629}, "LC82071182013336LGN00": {"total_pixels": 111556, "correct": 103104, "incorrect": 8452, "notrock": 103104, "false_notrock": 8452, "false_rock": 0, "rock": 0, "accuracy": 0.9242353616121052, "classification_accuracy": 0.0, "rock_omission": 1.0, "rock_commission": NaN, "notrock_omission": 0.0, "notrock_commission": 0.07576463838789486, "f1_rock": NaN, "rock_producers": 0.0, "notrock_producers": 100.0, "rock_users": NaN, "notrock_users": 92.42353616121052}, "LC82091172014001LGN00": {"total_pixels": 110889, "correct": 110715, "incorrect": 174, "notrock": 110715, "false_notrock": 174, "false_rock": 0, "rock": 0, "accuracy": 0.9984308632957282, "classification_accuracy": 0.0, "rock_omission": 1.0, "rock_commission": NaN, "notrock_omission": 0.0, "notrock_commission": 0.0015691367042718395, "f1_rock": NaN, "rock_producers": 0.0, "notrock_producers": 100.0, "rock_users": NaN, "notrock_users": 99.84308632957281}, "LC82131132013362LGN00": {"total_pixels": 110889, "correct": 108459, "incorrect": 2430, "notrock": 108459, "false_notrock": 2430, "false_rock": 0, "rock": 0, "accuracy": 0.9780861943024105, "classification_accuracy": 0.0, "rock_omission": 1.0, "rock_commission": NaN, "notrock_omission": 0.0, "notrock_commission": 0.02191380569758948, "f1_rock": NaN, "rock_producers": 0.0, "notrock_producers": 100.0, "rock_users": NaN, "notrock_users": 97.80861943024105}, "LC82201072015017LGN00": {"total_pixels": 110889, "correct": 99304, "incorrect": 11585, "notrock": 99304, "false_notrock": 11585, "false_rock": 0, "rock": 0, "accuracy": 0.8955261567874181, "classification_accuracy": 0.0, "rock_omission": 1.0, "rock_commission": NaN, "notrock_omission": 0.0, "notrock_commission": 0.10447384321258195, "f1_rock": NaN, "rock_producers": 0.0, "notrock_producers": 100.0, "rock_users": NaN, "notrock_users": 89.55261567874182}, "ryder_bay_abj": {"total_pixels": 110889, "correct": 108274, "incorrect": 2615, "notrock": 108274, "false_notrock": 2615, "false_rock": 0, "rock": 0, "accuracy": 0.9764178593007422, "classification_accuracy": 0.0, "rock_omission": 1.0, "rock_commission": NaN, "notrock_omission": 0.0, "notrock_commission": 0.023582140699257816, "f1_rock": NaN, "rock_producers": 0.0, "notrock_producers": 100.0, "rock_users": NaN, "notrock_users": 97.64178593007422}, "aggregate": {"total_pixels": {"mean": 111089, "stdev": 281.1778796420515}, "correct": {"mean": 103608, "stdev": 6420.082164583254}, "incorrect": {"mean": 7480, "stdev": 6518.2957128378275}, "notrock": {"mean": 103608, "stdev": 6420.082164583254}, "false_notrock": {"mean": 7480, "stdev": 6518.2957128378275}, "false_rock": {"mean": 0, "stdev": 0.0}, "rock": {"mean": 0, "stdev": 0.0}, "accuracy": {"mean": 0.932710910984377, "stdev": 0.05859784450293287}, "classification_accuracy": {"mean": 0.0, "stdev": 0.0}, "rock_omission": {"mean": 1.0, "stdev": 0.0}, "rock_commission": {"mean": NaN, "stdev": NaN}, "notrock_omission": {"mean": 0.0, "stdev": 0.0}, "notrock_commission": {"mean": 0.067289089015623, "stdev": 0.05859784450293287}, "f1_rock": {"mean": NaN, "stdev": NaN}, "rock_producers": {"mean": 0.0, "stdev": 0.0}, "notrock_producers": {"mean": 100.0, "stdev": 0.0}, "rock_users": {"mean": NaN, "stdev": NaN}, "notrock_users": {"mean": 93.27109109843771, "stdev": 5.859784450293287}}}