{"LC80311222014338LGN00": {"total_pixels": 110889, "correct": 105560, "incorrect": 5329, "notrock": 105333, "false_notrock": 5324, "false_rock": 5, "rock": 227, "accuracy": 0.9519429339249159, "classification_accuracy": 0.04085673146148308, "rock_omission": 0.9591064673031886, "rock_commission": 0.021551724137931036, "notrock_omission": 4.746625149518692e-05, "notrock_commission": 0.04811263634474096, "f1_rock": 0.04215617262493438, "rock_producers": 4.089353269681138, "notrock_producers": 99.99525337485048, "rock_users": 97.84482758620689, "notrock_users": 95.18873636552591}, "LC80631112014002LGN00": {"total_pixels": 110889, "correct": 103770, "incorrect": 7119, "notrock": 102610, "false_notrock": 6247, "false_rock": 872, "rock": 1160, "accuracy": 0.9358006655303953, "classification_accuracy": 0.14011354028264283, "rock_omission": 0.8433913865262589, "rock_commission": 0.42913385826771655, "notrock_omission": 0.008426586266210548, "notrock_commission": 0.05738721441891656, "f1_rock": 0.5688339798529802, "rock_producers": 15.660861347374105, "notrock_producers": 99.15734137337896, "rock_users": 57.08661417322835, "notrock_users": 94.26127855810834}, "LC81041072013303LGN00": {"total_pixels": 111222, "correct": 107226, "incorrect": 3996, "notrock": 107209, "false_notrock": 3940, "false_rock": 56, "rock": 17, "accuracy": 0.9640718562874252, "classification_accuracy": 0.00423623224520309, "rock_omission": 0.9957038160222391, "rock_commission": 0.7671232876712328, "notrock_omission": 0.0005220715051507947, "notrock_commission": 0.035447912261918686, "f1_rock": 0.8665938744570042, "rock_producers": 0.429618397776093, "notrock_producers": 99.94779284948491, "rock_users": 23.28767123287671, "notrock_users": 96.45520877380814}, "LC81431082013352LGN00": {"total_pixels": 111222, "correct": 88693, "incorrect": 22529, "notrock": 87926, "false_notrock": 22248, "false_rock": 281, "rock": 767, "accuracy": 0.7974411537285789, "classification_accuracy": 0.032924107142857144, "rock_omission": 0.9666739083206605, "rock_commission": 0.2681297709923664, "notrock_omission": 0.0031856882106862266, "notrock_commission": 0.20193512080890227, "f1_rock": 0.4198141907165599, "rock_producers": 3.332609167933956, "notrock_producers": 99.68143117893138, "rock_users": 73.18702290076335, "notrock_users": 79.80648791910977}, "LC81681112014002LGN00": {"total_pixels": 111556, "correct": 102736, "incorrect": 8820, "notrock": 101371, "false_notrock": 8254, "false_rock": 566, "rock": 1365, "accuracy": 0.9209365699738248, "classification_accuracy": 0.13402061855670103, "rock_omission": 0.8580933568978064, "rock_commission": 0.29311237700673226, "notrock_omission": 0.005552449061675348, "notrock_commission": 0.07529304446978335, "f1_rock": 0.43696409099862743, "rock_producers": 14.190664310219358, "notrock_producers": 99.44475509383246, "rock_users": 70.68876229932677, "notrock_users": 92.47069555302167}, "LC82071182013336LGN00": {"total_pixels": 111556, "correct": 103080, "incorrect": 8476, "notrock": 103080, "false_notrock": 8452, "false_rock": 24, "rock": 0, "accuracy": 0.9240202230269999, "classification_accuracy": 0.0, "rock_omission": 1.0, "rock_commission": 1.0, "notrock_omission": 0.00023277467411545624, "notrock_commission": 0.07578094179249005, "f1_rock": 1.0, "rock_producers": 0.0, "notrock_producers": 99.97672253258845, "rock_users": 0.0, "notrock_users": 92.421905820751}, "LC82091172014001LGN00": {"total_pixels": 110889, "correct": 110671, "incorrect": 218, "notrock": 110671, "false_notrock": 174, "false_rock": 44, "rock": 0, "accuracy": 0.9980340701061422, "classification_accuracy": 0.0, "rock_omission": 1.0, "rock_commission": 1.0, "notrock_omission": 0.0003974167908594138, "notrock_commission": 0.0015697595741801615, "f1_rock": 1.0, "rock_producers": 0.0, "notrock_producers": 99.96025832091406, "rock_users": 0.0, "notrock_users": 99.84302404258199}, "LC82131132013362LGN00": {"total_pixels": 110889, "correct": 108456, "incorrect": 2433, "notrock": 108382, "false_notrock": 2356, "false_rock": 77, "rock": 74, "accuracy": 0.9780591402213024, "classification_accuracy": 0.029517351416035103, "rock_omission": 0.9695473251028807, "rock_commission": 0.5099337748344371, "notrock_omission": 0.000709945693764464, "notrock_commission": 0.021275442937383735, "f1_rock": 0.6683490953568653, "rock_producers": 3.0452674897119345, "notrock_producers": 99.92900543062355, "rock_users": 49.00662251655629, "notrock_users": 97.87245570626163}, "LC82201072015017LGN00": {"total_pixels": 110889, "correct": 99115, "incorrect": 11774, "notrock": 98695, "false_notrock": 11165, "false_rock": 609, "rock": 420, "accuracy": 0.8938217496776055, "classification_accuracy": 0.03444316877152698, "rock_omission": 0.9637462235649547, "rock_commission": 0.5918367346938775, "notrock_omission": 0.0061326834769999195, "notrock_commission": 0.10162934644092482, "f1_rock": 0.7333333333333334, "rock_producers": 3.625377643504532, "notrock_producers": 99.38673165230001, "rock_users": 40.816326530612244, "notrock_users": 89.83706535590753}, "ryder_bay_abj": {"total_pixels": 110889, "correct": 107896, "incorrect": 2993, "notrock": 107508, "false_notrock": 2227, "false_rock": 766, "rock": 388, "accuracy": 0.9730090450811172, "classification_accuracy": 0.1147589470570837, "rock_omission": 0.8516252390057362, "rock_commission": 0.6637781629116117, "notrock_omission": 0.007074643958845152, "notrock_commission": 0.02029434546862897, "f1_rock": 0.7460590835696453, "rock_producers": 14.837476099426386, "notrock_producers": 99.29253560411549, "rock_users": 33.62218370883882, "notrock_users": 97.9705654531371}, "aggregate": {"total_pixels": {"mean": 111089, "stdev": 281.1778796420515}, "correct": {"mean": 103720, "stdev": 6256.19524951068}, "incorrect": {"mean": 7368, "stdev": 6349.207903352984}, "notrock": {"mean": 103278, "stdev": 6490.042064578626}, "false_notrock": {"mean": 7038, "stdev": 6299.8826973206415}, "false_rock": {"mean": 330, "stdev": 339.92352081019635}, "rock": {"mean": 441, "stdev": 497.71377316686744}, "accuracy": {"mean": 0.9337137407558307, "stdev": 0.057081640741016855}, "classification_accuracy": {"mean": 0.05308706969335329, "stdev": 0.05518594579780511}, "rock_omission": {"mean": 0.9407887722743725, "stdev": 0.06382458277450112}, "rock_commission": {"mean": 0.5544599690515906, "stdev": 0.31755191618606016}, "notrock_omission": {"mean": 0.003228172588980251, "stdev": 0.0032732251498642237}, "notrock_commission": {"mean": 0.06387257645178696, "stdev": 0.0572059556403611}, "f1_rock": {"mean": 0.648210382090995, "stdev": 0.29492394632341373}, "rock_producers": {"mean": 5.92112277256275, "stdev": 6.382458277450111}, "notrock_producers": {"mean": 99.67718274110197, "stdev": 0.32732251498641957}, "rock_users": {"mean": 44.554003094840944, "stdev": 31.755191618606013}, "notrock_users": {"mean": 93.61274235482131, "stdev": 5.720595564036111}}}