{"LC80311222014338LGN00": {"total_pixels": 110889, "correct": 92017, "incorrect": 18872, "notrock": 87061, "false_notrock": 595, "false_rock": 18277, "rock": 4956, "accuracy": 0.8298117937757578, "classification_accuracy": 0.20799059929494712, "rock_omission": 0.10718789407313997, "rock_commission": 0.7866827357637842, "notrock_omission": 0.17350813571550627, "notrock_commission": 0.006787898147303094, "f1_rock": 0.18866906000838207, "rock_producers": 89.281210592686, "notrock_producers": 82.64918642844937, "rock_users": 21.33172642362157, "notrock_users": 99.32121018526969}, "LC80631112014002LGN00": {"total_pixels": 110889, "correct": 99865, "incorrect": 11024, "notrock": 93120, "false_notrock": 662, "false_rock": 10362, "rock": 6745, "accuracy": 0.9005852699546393, "classification_accuracy": 0.37959367437672353, "rock_omission": 0.08937491562035912, "rock_commission": 0.6057169579704215, "notrock_omission": 0.1001333565257726, "notrock_commission": 0.00705892388731313, "f1_rock": 0.15576617729327188, "rock_producers": 91.06250843796408, "notrock_producers": 89.98666434742275, "rock_users": 39.428304202957854, "notrock_users": 99.29410761126869}, "LC81041072013303LGN00": {"total_pixels": 111222, "correct": 74241, "incorrect": 36981, "notrock": 70536, "false_notrock": 252, "false_rock": 36729, "rock": 3705, "accuracy": 0.6675028321734908, "classification_accuracy": 0.09106326500516149, "rock_omission": 0.06368460955269144, "rock_commission": 0.9083691942424692, "notrock_omission": 0.34241364844077754, "notrock_commission": 0.003559925411086625, "f1_rock": 0.11902455859781819, "rock_producers": 93.63153904473086, "notrock_producers": 65.75863515592225, "rock_users": 9.16308057575308, "notrock_users": 99.64400745889134}, "LC81431082013352LGN00": {"total_pixels": 111222, "correct": 86806, "incorrect": 24416, "notrock": 68289, "false_notrock": 4498, "false_rock": 19918, "rock": 18517, "accuracy": 0.7804750858643075, "classification_accuracy": 0.4312999324528917, "rock_omission": 0.19543775798392352, "rock_commission": 0.5182255756471965, "notrock_omission": 0.22580974299091908, "notrock_commission": 0.0617967494195392, "f1_rock": 0.28383367860332454, "rock_producers": 80.45622420160765, "notrock_producers": 77.4190257009081, "rock_users": 48.17744243528034, "notrock_users": 93.82032505804608}, "LC81681112014002LGN00": {"total_pixels": 111556, "correct": 82673, "incorrect": 28883, "notrock": 75085, "false_notrock": 2031, "false_rock": 26852, "rock": 7588, "accuracy": 0.741089676933558, "classification_accuracy": 0.20805571549998628, "rock_omission": 0.21114460962678033, "rock_commission": 0.7796747967479675, "notrock_omission": 0.2634176010673259, "notrock_commission": 0.026336946937081798, "f1_rock": 0.3322989629311413, "rock_producers": 78.88553903732198, "notrock_producers": 73.6582398932674, "rock_users": 22.032520325203254, "notrock_users": 97.36630530629182}, "LC82071182013336LGN00": {"total_pixels": 111556, "correct": 98963, "incorrect": 12593, "notrock": 94165, "false_notrock": 3654, "false_rock": 8939, "rock": 4798, "accuracy": 0.8871149915737387, "classification_accuracy": 0.27588982807199125, "rock_omission": 0.4323237103644108, "rock_commission": 0.6507243211763849, "notrock_omission": 0.08669886716325263, "notrock_commission": 0.037354706140933766, "f1_rock": 0.5195033733732252, "rock_producers": 56.76762896355893, "notrock_producers": 91.33011328367473, "rock_users": 34.9275678823615, "notrock_users": 96.26452938590663}, "LC82091172014001LGN00": {"total_pixels": 110889, "correct": 102057, "incorrect": 8832, "notrock": 102022, "false_notrock": 139, "false_rock": 8693, "rock": 35, "accuracy": 0.9203527852176501, "classification_accuracy": 0.003947220029322206, "rock_omission": 0.7988505747126436, "rock_commission": 0.9959899175068744, "notrock_omission": 0.07851691279411101, "notrock_commission": 0.0013605974882783059, "f1_rock": 0.8865936794466452, "rock_producers": 20.114942528735632, "notrock_producers": 92.1483087205889, "rock_users": 0.4010082493125573, "notrock_users": 99.86394025117217}, "LC82131132013362LGN00": {"total_pixels": 110889, "correct": 81963, "incorrect": 28926, "notrock": 79844, "false_notrock": 311, "false_rock": 28615, "rock": 2119, "accuracy": 0.7391445499553607, "classification_accuracy": 0.06825575777097762, "rock_omission": 0.1279835390946502, "rock_commission": 0.9310535563219887, "notrock_omission": 0.2638324159359758, "notrock_commission": 0.0038799825338406836, "f1_rock": 0.2250337211802188, "rock_producers": 87.20164609053498, "notrock_producers": 73.61675840640241, "rock_users": 6.894644367801132, "notrock_users": 99.61200174661593}, "LC82201072015017LGN00": {"total_pixels": 110889, "correct": 84282, "incorrect": 26607, "notrock": 74602, "false_notrock": 1905, "false_rock": 24702, "rock": 9680, "accuracy": 0.7600573546519492, "classification_accuracy": 0.2667622013393226, "rock_omission": 0.16443677168752696, "rock_commission": 0.7184573323250538, "notrock_omission": 0.24875130911141546, "notrock_commission": 0.02489968238200426, "f1_rock": 0.2676216859662733, "rock_producers": 83.5563228312473, "notrock_producers": 75.12486908885846, "rock_users": 28.15426676749462, "notrock_users": 97.51003176179958}, "ryder_bay_abj": {"total_pixels": 110889, "correct": 67624, "incorrect": 43265, "notrock": 65512, "false_notrock": 503, "false_rock": 42762, "rock": 2112, "accuracy": 0.6098350602855107, "classification_accuracy": 0.04654340304559579, "rock_omission": 0.19235181644359464, "rock_commission": 0.9529348843428266, "notrock_omission": 0.39494246079391176, "notrock_commission": 0.007619480421116413, "f1_rock": 0.3200923503781992, "rock_producers": 80.76481835564053, "notrock_producers": 60.50575392060883, "rock_users": 4.706511565717342, "notrock_users": 99.23805195788836}, "aggregate": {"total_pixels": {"mean": 111089, "stdev": 281.1778796420515}, "correct": {"mean": 87049, "stdev": 11304.973993778138}, "incorrect": {"mean": 24039, "stdev": 11301.770569251528}, "notrock": {"mean": 81023, "stdev": 12414.450289883962}, "false_notrock": {"mean": 1455, "stdev": 1541.7263051527661}, "false_rock": {"mean": 22584, "stdev": 11645.163030202712}, "rock": {"mean": 6025, "stdev": 5237.149797361156}, "accuracy": {"mean": 0.7835969400385963, "stdev": 0.10179391130969598}, "classification_accuracy": {"mean": 0.19794015968869197, "stdev": 0.14424735554842907}, "rock_omission": {"mean": 0.23827761991597207, "stdev": 0.22211935287068163}, "rock_commission": {"mean": 0.7847829272044967, "stdev": 0.16161341921987915}, "notrock_omission": {"mean": 0.21780244505389681, "stdev": 0.10776754548438526}, "notrock_commission": {"mean": 0.018065489276849728, "stdev": 0.019572546665565915}, "f1_rock": {"mean": 0.32984372477784996, "stdev": 0.22551029897224112}, "rock_producers": {"mean": 76.17223800840279, "stdev": 22.21193528706816}, "notrock_producers": {"mean": 78.21975549461033, "stdev": 10.776754548438525}, "rock_users": {"mean": 21.521707279550323, "stdev": 16.161341921987912}, "notrock_users": {"mean": 98.19345107231503, "stdev": 1.9572546665565906}}}