{"LC80311222014338LGN00": {"total_pixels": 110889, "correct": 85422, "incorrect": 25467, "notrock": 80916, "false_notrock": 1045, "false_rock": 24422, "rock": 4506, "summary_stats": "Total: 110889\ncorrect: 85422\nincorrect:25467\nnotrock: 80916\nfalse notrock: 1045\nfalse rock: 24422\nrock:4506\n\n", "accuracy": 0.7703379054730406, "classification_accuracy": 0.15033530177159443, "rock_omission": 0.18825436858223743, "rock_commission": 0.8442339601769911, "notrock_omission": 0.231844158803091, "notrock_commission": 0.012749966447456717, "f1_rock": 0.30785961774462467, "error_stats": "Accuracy: 0.7703\nClassification_accuracy: 0.1503\nOmission Error (Recall)\n\tRock: 0.1883\n\tNotRock: 0.2318\nCommission Error (Precision)\n\tRock: 0.8442\n\tNotrock: 0.2318\nF1 Rock: 0.3079\n\n", "rock_producers": 81.17456314177626, "notrock_producers": 76.81558411969091, "rock_users": 15.576603982300885, "notrock_users": 98.72500335525433, "accuracy_stats": "Producer's Accuracy (IoU)\n\tRock: 81.1746\n\tNot Rock: 76.8156\nUser's Accuracy\n\tRock:15.5766\n\tNot Rock: 98.7250\n\n"}, "LC80631112014002LGN00": {"total_pixels": 110889, "correct": 86879, "incorrect": 24010, "notrock": 79734, "false_notrock": 262, "false_rock": 23748, "rock": 7145, "summary_stats": "Total: 110889\ncorrect: 86879\nincorrect:24010\nnotrock: 79734\nfalse notrock: 262\nfalse rock: 23748\nrock:7145\n\n", "accuracy": 0.7834771708645583, "classification_accuracy": 0.22933718504252928, "rock_omission": 0.035371945457000134, "rock_commission": 0.7687178325186935, "notrock_omission": 0.2294891865251928, "notrock_commission": 0.0032751637581879094, "f1_rock": 0.06763186397451389, "error_stats": "Accuracy: 0.7835\nClassification_accuracy: 0.2293\nOmission Error (Recall)\n\tRock: 0.0354\n\tNotRock: 0.2295\nCommission Error (Precision)\n\tRock: 0.7687\n\tNotrock: 0.2295\nF1 Rock: 0.0676\n\n", "rock_producers": 96.46280545429998, "notrock_producers": 77.05108134748072, "rock_users": 23.128216748130644, "notrock_users": 99.67248362418121, "accuracy_stats": "Producer's Accuracy (IoU)\n\tRock: 96.4628\n\tNot Rock: 77.0511\nUser's Accuracy\n\tRock:23.1282\n\tNot Rock: 99.6725\n\n"}, "LC81041072013303LGN00": {"total_pixels": 111222, "correct": 66858, "incorrect": 44364, "notrock": 63275, "false_notrock": 374, "false_rock": 43990, "rock": 3583, "summary_stats": "Total: 111222\ncorrect: 66858\nincorrect:44364\nnotrock: 63275\nfalse notrock: 374\nfalse rock: 43990\nrock:3583\n\n", "accuracy": 0.6011220801639964, "classification_accuracy": 0.07472834588191128, "rock_omission": 0.09451604751074046, "rock_commission": 0.9246841695919955, "notrock_omission": 0.41010581270684754, "notrock_commission": 0.005875976056183129, "f1_rock": 0.17150210810203725, "error_stats": "Accuracy: 0.6011\nClassification_accuracy: 0.0747\nOmission Error (Recall)\n\tRock: 0.0945\n\tNotRock: 0.4101\nCommission Error (Precision)\n\tRock: 0.9247\n\tNotrock: 0.4101\nF1 Rock: 0.1715\n\n", "rock_producers": 90.54839524892596, "notrock_producers": 58.98941872931525, "rock_users": 7.531583040800455, "notrock_users": 99.41240239438169, "accuracy_stats": "Producer's Accuracy (IoU)\n\tRock: 90.5484\n\tNot Rock: 58.9894\nUser's Accuracy\n\tRock:7.5316\n\tNot Rock: 99.4124\n\n"}, "LC81431082013352LGN00": {"total_pixels": 111222, "correct": 87764, "incorrect": 23458, "notrock": 69402, "false_notrock": 4653, "false_rock": 18805, "rock": 18362, "summary_stats": "Total: 111222\ncorrect: 87764\nincorrect:23458\nnotrock: 69402\nfalse notrock: 4653\nfalse rock: 18805\nrock:18362\n\n", "accuracy": 0.7890884896872921, "classification_accuracy": 0.4390722142515543, "rock_omission": 0.20217249619813166, "rock_commission": 0.5059595878063874, "notrock_omission": 0.21319169680410852, "notrock_commission": 0.06283167915738302, "f1_rock": 0.2889040481367098, "error_stats": "Accuracy: 0.7891\nClassification_accuracy: 0.4391\nOmission Error (Recall)\n\tRock: 0.2022\n\tNotRock: 0.2132\nCommission Error (Precision)\n\tRock: 0.5060\n\tNotrock: 0.2132\nF1 Rock: 0.2889\n\n", "rock_producers": 79.78275038018684, "notrock_producers": 78.68083031958915, "rock_users": 49.40404121936126, "notrock_users": 93.7168320842617, "accuracy_stats": "Producer's Accuracy (IoU)\n\tRock: 79.7828\n\tNot Rock: 78.6808\nUser's Accuracy\n\tRock:49.4040\n\tNot Rock: 93.7168\n\n"}, "LC81681112014002LGN00": {"total_pixels": 111556, "correct": 67680, "incorrect": 43876, "notrock": 59969, "false_notrock": 1908, "false_rock": 41968, "rock": 7711, "summary_stats": "Total: 111556\ncorrect: 67680\nincorrect:43876\nnotrock: 59969\nfalse notrock: 1908\nfalse rock: 41968\nrock:7711\n\n", "accuracy": 0.6066908099967729, "classification_accuracy": 0.14947564308837497, "rock_omission": 0.19835741761097828, "rock_commission": 0.8447835101350671, "notrock_omission": 0.4117052689406202, "notrock_commission": 0.030835366937634338, "f1_rock": 0.321277923344073, "error_stats": "Accuracy: 0.6067\nClassification_accuracy: 0.1495\nOmission Error (Recall)\n\tRock: 0.1984\n\tNotRock: 0.4117\nCommission Error (Precision)\n\tRock: 0.8448\n\tNotrock: 0.4117\nF1 Rock: 0.3213\n\n", "rock_producers": 80.16425823890218, "notrock_producers": 58.82947310593798, "rock_users": 15.521648986493286, "notrock_users": 96.91646330623657, "accuracy_stats": "Producer's Accuracy (IoU)\n\tRock: 80.1643\n\tNot Rock: 58.8295\nUser's Accuracy\n\tRock:15.5216\n\tNot Rock: 96.9165\n\n"}, "LC82071182013336LGN00": {"total_pixels": 111556, "correct": 81835, "incorrect": 29721, "notrock": 75065, "false_notrock": 1682, "false_rock": 28039, "rock": 6770, "summary_stats": "Total: 111556\ncorrect: 81835\nincorrect:29721\nnotrock: 75065\nfalse notrock: 1682\nfalse rock: 28039\nrock:6770\n\n", "accuracy": 0.7335777546703001, "classification_accuracy": 0.18552519799402592, "rock_omission": 0.19900615238996688, "rock_commission": 0.8055100692349679, "notrock_omission": 0.27194871198013654, "notrock_commission": 0.021916166104212542, "f1_rock": 0.3191615150435669, "error_stats": "Accuracy: 0.7336\nClassification_accuracy: 0.1855\nOmission Error (Recall)\n\tRock: 0.1990\n\tNotRock: 0.2719\nCommission Error (Precision)\n\tRock: 0.8055\n\tNotrock: 0.2719\nF1 Rock: 0.3192\n\n", "rock_producers": 80.09938476100331, "notrock_producers": 72.80512880198634, "rock_users": 19.448993076503204, "notrock_users": 97.80838338957875, "accuracy_stats": "Producer's Accuracy (IoU)\n\tRock: 80.0994\n\tNot Rock: 72.8051\nUser's Accuracy\n\tRock:19.4490\n\tNot Rock: 97.8084\n\n"}, "LC82091172014001LGN00": {"total_pixels": 110889, "correct": 90553, "incorrect": 20336, "notrock": 90385, "false_notrock": 6, "false_rock": 20330, "rock": 168, "summary_stats": "Total: 110889\ncorrect: 90553\nincorrect:20336\nnotrock: 90385\nfalse notrock: 6\nfalse rock: 20330\nrock:168\n\n", "accuracy": 0.8166094021949878, "classification_accuracy": 0.008193523214982443, "rock_omission": 0.034482758620689655, "rock_commission": 0.9918040784466777, "notrock_omission": 0.1836246217766337, "notrock_commission": 6.637828987399188e-05, "f1_rock": 0.06664830805746244, "error_stats": "Accuracy: 0.8166\nClassification_accuracy: 0.0082\nOmission Error (Recall)\n\tRock: 0.0345\n\tNotRock: 0.1836\nCommission Error (Precision)\n\tRock: 0.9918\n\tNotrock: 0.1836\nF1 Rock: 0.0666\n\n", "rock_producers": 96.55172413793103, "notrock_producers": 81.63753782233663, "rock_users": 0.8195921553322275, "notrock_users": 99.9933621710126, "accuracy_stats": "Producer's Accuracy (IoU)\n\tRock: 96.5517\n\tNot Rock: 81.6375\nUser's Accuracy\n\tRock:0.8196\n\tNot Rock: 99.9934\n\n"}, "LC82131132013362LGN00": {"total_pixels": 110889, "correct": 60153, "incorrect": 50736, "notrock": 57857, "false_notrock": 134, "false_rock": 50602, "rock": 2296, "summary_stats": "Total: 110889\ncorrect: 60153\nincorrect:50736\nnotrock: 57857\nfalse notrock: 134\nfalse rock: 50602\nrock:2296\n\n", "accuracy": 0.5424613802992181, "classification_accuracy": 0.04329461457233368, "rock_omission": 0.0551440329218107,