{"LC80311222014338LGN00": {"total_pixels": 110889, "correct": 7035, "incorrect": 103854, "notrock": 3222, "false_notrock": 1738, "false_rock": 102116, "rock": 3813, "accuracy": 0.06344182019857696, "classification_accuracy": 0.035414751037922486, "rock_omission": 0.31309673932624754, "rock_commission": 0.9640041914867505, "notrock_omission": 0.9694127475365015, "notrock_commission": 0.3504032258064516, "f1_rock": 0.4726745737460161, "rock_producers": 68.69032606737525, "notrock_producers": 3.0587252463498453, "rock_users": 3.599580851324944, "notrock_users": 64.95967741935483}, "LC80631112014002LGN00": {"total_pixels": 110889, "correct": 5898, "incorrect": 104991, "notrock": 1306, "false_notrock": 2815, "false_rock": 102176, "rock": 4592, "accuracy": 0.05318832345859373, "classification_accuracy": 0.04190430997508738, "rock_omission": 0.3800459025246389, "rock_commission": 0.9569908586842499, "notrock_omission": 0.9873794476334048, "notrock_commission": 0.6830866294588692, "f1_rock": 0.5440395734035663, "rock_producers": 61.995409747536115, "notrock_producers": 1.2620552366595157, "rock_users": 4.300914131575004, "notrock_users": 31.691337054113077}, "LC81041072013303LGN00": {"total_pixels": 111222, "correct": 3320, "incorrect": 107902, "notrock": 680, "false_notrock": 1317, "false_rock": 106585, "rock": 2640, "accuracy": 0.029850209490928054, "classification_accuracy": 0.02388232527003311, "rock_omission": 0.332827899924185, "rock_commission": 0.9758297093156328, "notrock_omission": 0.9936605602945975, "notrock_commission": 0.6594892338507762, "f1_rock": 0.496361081068122, "rock_producers": 66.71721000758151, "notrock_producers": 0.6339439705402508, "rock_users": 2.4170290684367135, "notrock_users": 34.05107661492238}, "LC81431082013352LGN00": {"total_pixels": 111222, "correct": 18145, "incorrect": 93077, "notrock": 7380, "false_notrock": 12250, "false_rock": 80827, "rock": 10765, "accuracy": 0.16314218410026793, "classification_accuracy": 0.10366710964734886, "rock_omission": 0.532261568542255, "rock_commission": 0.882467901126736, "notrock_omission": 0.9163331708367817, "notrock_commission": 0.6240448293428426, "f1_rock": 0.6640191772520385, "rock_producers": 46.7738431457745, "notrock_producers": 8.366682916321833, "rock_users": 11.753209887326404, "notrock_users": 37.59551706571574}, "LC81681112014002LGN00": {"total_pixels": 111556, "correct": 8227, "incorrect": 103329, "notrock": 988, "false_notrock": 2380, "false_rock": 100949, "rock": 7239, "accuracy": 0.07374771415253326, "classification_accuracy": 0.0654710223572824, "rock_omission": 0.24742696746023496, "rock_commission": 0.9330886974525825, "notrock_omission": 0.990307739093754, "notrock_commission": 0.7066508313539193, "f1_rock": 0.391136371407936, "rock_producers": 75.2573032539765, "notrock_producers": 0.9692260906246015, "rock_users": 6.691130254741746, "notrock_users": 29.334916864608076}, "LC82071182013336LGN00": {"total_pixels": 111556, "correct": 8373, "incorrect": 103183, "notrock": 1, "false_notrock": 80, "false_rock": 103103, "rock": 8372, "accuracy": 0.07505647387859013, "classification_accuracy": 0.07504818251086907, "rock_omission": 0.00946521533364884, "rock_commission": 0.9248979591836735, "notrock_omission": 0.9999903010552452, "notrock_commission": 0.9876543209876543, "f1_rock": 0.018738663046835493, "rock_producers": 99.05347846663511, "notrock_producers": 0.0009698944754810676, "rock_users": 7.5102040816326525, "notrock_users": 1.2345679012345678}, "LC82091172014001LGN00": {"total_pixels": 110889, "correct": 4288, "incorrect": 106601, "notrock": 4114, "false_notrock": 0, "false_rock": 106601, "rock": 174, "accuracy": 0.038669299930561195, "classification_accuracy": 0.001629594942636385, "rock_omission": 0.0, "rock_commission": 0.9983704050573636, "notrock_omission": 0.9628415300546448, "notrock_commission": 0.0, "f1_rock": 0.0, "rock_producers": 100.0, "notrock_producers": 3.715846994535519, "rock_users": 0.1629594942636385, "notrock_users": 100.0}, "LC82131132013362LGN00": {"total_pixels": 110889, "correct": 2209, "incorrect": 108680, "notrock": 8, "false_notrock": 229, "false_rock": 108451, "rock": 2201, "accuracy": 0.019920821722623525, "classification_accuracy": 0.01985010957693383, "rock_omission": 0.09423868312757201, "rock_commission": 0.9801088096012724, "notrock_omission": 0.99992623940844, "notrock_commission": 0.9662447257383966, "f1_rock": 0.17194467183788179, "rock_producers": 90.5761316872428, "notrock_producers": 0.007376059155994431, "rock_users": 1.9891190398727543, "notrock_users": 3.375527426160337}, "LC82201072015017LGN00": {"total_pixels": 110889, "correct": 10983, "incorrect": 99906, "notrock": 78, "false_notrock": 680, "false_rock": 99226, "rock": 10905, "accuracy": 0.09904499093688283, "classification_accuracy": 0.0984108075913041, "rock_omission": 0.0586965904186448, "rock_commission": 0.9009815583259936, "notrock_omission": 0.9992145331507291, "notrock_commission": 0.8970976253298153, "f1_rock": 0.11021308669576736, "rock_producers": 94.13034095813552, "notrock_producers": 0.07854668492709257, "rock_users": 9.90184416740064, "notrock_users": 10.29023746701847}, "ryder_bay_abj": {"total_pixels": 110889, "correct": 2249, "incorrect": 108640, "notrock": 141, "false_notrock": 507, "false_rock": 108133, "rock": 2108, "accuracy": 0.020281542804065328, "classification_accuracy": 0.01903420377794633, "rock_omission": 0.1938814531548757, "rock_commission": 0.9808782576355439, "notrock_omission": 0.9986977483052256, "notrock_commission": 0.7824074074074074, "f1_rock": 0.3237668098618159, "rock_producers": 80.61185468451242, "notrock_producers": 0.13022516947743687, "rock_users": 1.9121742364456056, "notrock_users": 21.75925925925926}, "aggregate": {"total_pixels": {"mean": 111089, "stdev": 281.1778796420515}, "correct": {"mean": 7072, "stdev": 4842.540345727643}, "incorrect": {"mean": 104016, "stdev": 4756.446362569434}, "notrock": {"mean": 1791, "stdev": 2422.9323143662104}, "false_notrock": {"mean": 2199, "stdev": 3663.6675613379552}, "false_rock": {"mean": 101816, "stdev": 8023.861414555961}, "rock": {"mean": 5280, "stdev": 3805.435848887746}, "accuracy": {"mean": 0.0636343380673623, "stdev": 0.043528514851537706}, "classification_accuracy": {"mean": 0.0484312416687364, "stdev": 0.03533005335966151}, "rock_omission": {"mean": 0.21619410198123026, "stdev": 0.1764993795181144}, "rock_commission": {"mean": 0.9497618347869798, "stdev": 0.037992391118311965}, "notrock_omission": {"mean": 0.9817764017369324, "stdev": 0.026439028346723036}, "notrock_commission": {"mean": 0.6657078829276133, "stdev": 0.2995308803316784}, "f1_rock": {"mean": 0.31928940083199797, "stdev": 0.23264530135132308}, "rock_producers": {"mean": 78.38058980187698, "stdev": 17.649937951811435}, "notrock_producers": {"mean": 1.822359826306757, "stdev": 2.6439028346723035}, "rock_users": {"mean": 5.0238165213020105, "stdev": 3.799239111831197}, "notrock_users": {"mean": 33.42921170723867, "stdev": 29.953088033167838}}}