{"LC80311222014338LGN00": {"total_pixels": 110889, "correct": 105338, "incorrect": 5551, "notrock": 105337, "false_notrock": 5550, "false_rock": 1, "rock": 1, "accuracy": 0.949940931922914, "classification_accuracy": 0.00018011527377521613, "rock_omission": 0.9998198522788687, "rock_commission": 0.5, "notrock_omission": 9.493250299037385e-06, "notrock_commission": 0.0500509527717406, "f1_rock": 0.6666266290312893, "rock_producers": 0.01801477211313277, "notrock_producers": 99.99905067497009, "rock_users": 50.0, "notrock_users": 94.99490472282594}, "LC80631112014002LGN00": {"total_pixels": 110889, "correct": 103518, "incorrect": 7371, "notrock": 103482, "false_notrock": 7371, "false_rock": 0, "rock": 36, "accuracy": 0.9335281227173119, "classification_accuracy": 0.004860267314702308, "rock_omission": 0.9951397326852977, "rock_commission": 0.0, "notrock_omission": 0.0, "notrock_commission": 0.0664934643176098, "f1_rock": 0.0, "rock_producers": 0.48602673147023084, "notrock_producers": 100.0, "rock_users": 100.0, "notrock_users": 93.35065356823901}, "LC81041072013303LGN00": {"total_pixels": 111222, "correct": 107256, "incorrect": 3966, "notrock": 107244, "false_notrock": 3945, "false_rock": 21, "rock": 12, "accuracy": 0.9643415870960781, "classification_accuracy": 0.0030165912518853697, "rock_omission": 0.9969673995451099, "rock_commission": 0.6363636363636364, "notrock_omission": 0.00019577681443154804, "notrock_commission": 0.035480128429970594, "f1_rock": 0.7768588066503502, "rock_producers": 0.3032600454890068, "notrock_producers": 99.98042231855685, "rock_users": 36.36363636363637, "notrock_users": 96.45198715700293}, "LC81431082013352LGN00": {"total_pixels": 111222, "correct": 88239, "incorrect": 22983, "notrock": 88207, "false_notrock": 22983, "false_rock": 0, "rock": 32, "accuracy": 0.793359227490964, "classification_accuracy": 0.001390397566804258, "rock_omission": 0.9986096024331957, "rock_commission": 0.0, "notrock_omission": 0.0, "notrock_commission": 0.20670024282759242, "f1_rock": 0.0, "rock_producers": 0.1390397566804258, "notrock_producers": 100.0, "rock_users": 100.0, "notrock_users": 79.32997571724076}, "LC81681112014002LGN00": {"total_pixels": 111556, "correct": 101937, "incorrect": 9619, "notrock": 101937, "false_notrock": 9619, "false_rock": 0, "rock": 0, "accuracy": 0.9137742479113629, "classification_accuracy": 0.0, "rock_omission": 1.0, "rock_commission": NaN, "notrock_omission": 0.0, "notrock_commission": 0.0862257520886371, "f1_rock": NaN, "rock_producers": 0.0, "notrock_producers": 100.0, "rock_users": NaN, "notrock_users": 91.37742479113629}, "LC82071182013336LGN00": {"total_pixels": 111556, "correct": 103104, "incorrect": 8452, "notrock": 103104, "false_notrock": 8452, "false_rock": 0, "rock": 0, "accuracy": 0.9242353616121052, "classification_accuracy": 0.0, "rock_omission": 1.0, "rock_commission": NaN, "notrock_omission": 0.0, "notrock_commission": 0.07576463838789486, "f1_rock": NaN, "rock_producers": 0.0, "notrock_producers": 100.0, "rock_users": NaN, "notrock_users": 92.42353616121052}, "LC82091172014001LGN00": {"total_pixels": 110889, "correct": 110715, "incorrect": 174, "notrock": 110715, "false_notrock": 174, "false_rock": 0, "rock": 0, "accuracy": 0.9984308632957282, "classification_accuracy": 0.0, "rock_omission": 1.0, "rock_commission": NaN, "notrock_omission": 0.0, "notrock_commission": 0.0015691367042718395, "f1_rock": NaN, "rock_producers": 0.0, "notrock_producers": 100.0, "rock_users": NaN, "notrock_users": 99.84308632957281}, "LC82131132013362LGN00": {"total_pixels": 110889, "correct": 108462, "incorrect": 2427, "notrock": 108459, "false_notrock": 2427, "false_rock": 0, "rock": 3, "accuracy": 0.9781132483835187, "classification_accuracy": 0.0012345679012345679, "rock_omission": 0.9987654320987654, "rock_commission": 0.0, "notrock_omission": 0.0, "notrock_commission": 0.02188734375845463, "f1_rock": 0.0, "rock_producers": 0.12345679012345678, "notrock_producers": 100.0, "rock_users": 100.0, "notrock_users": 97.81126562415454}, "LC82201072015017LGN00": {"total_pixels": 110889, "correct": 99318, "incorrect": 11571, "notrock": 99304, "false_notrock": 11571, "false_rock": 0, "rock": 14, "accuracy": 0.8956524091659227, "classification_accuracy": 0.0012084592145015106, "rock_omission": 0.9987915407854985, "rock_commission": 0.0, "notrock_omission": 0.0, "notrock_commission": 0.1043607666290868, "f1_rock": 0.0, "rock_producers": 0.12084592145015105, "notrock_producers": 100.0, "rock_users": 100.0, "notrock_users": 89.56392333709132}, "ryder_bay_abj": {"total_pixels": 110889, "correct": 108286, "incorrect": 2603, "notrock": 108273, "false_notrock": 2602, "false_rock": 1, "rock": 13, "accuracy": 0.9765260756251747, "classification_accuracy": 0.004969418960244648, "rock_omission": 0.9950286806883365, "rock_commission": 0.07142857142857142, "notrock_omission": 9.235827622513254e-06, "notrock_commission": 0.023467869222096958, "f1_rock": 0.1332889378377686, "rock_producers": 0.49713193116634796, "notrock_producers": 99.99907641723776, "rock_users": 92.85714285714286, "notrock_users": 97.6532130777903}, "aggregate": {"total_pixels": {"mean": 111089, "stdev": 281.1778796420515}, "correct": {"mean": 103617, "stdev": 6411.092808562359}, "incorrect": {"mean": 7471, "stdev": 6509.611662764531}, "notrock": {"mean": 103606, "stdev": 6418.645807333506}, "false_notrock": {"mean": 7469, "stdev": 6510.987329122981}, "false_rock": {"mean": 2, "stdev": 6.557438524302}, "rock": {"mean": 11, "stdev": 13.341664064126334}, "accuracy": {"mean": 0.9327902075221081, "stdev": 0.0585195956439898}, "classification_accuracy": {"mean": 0.001685981748314788, "stdev": 0.0019419915287245918}, "rock_omission": {"mean": 0.9983122240515072, "stdev": 0.0019435704039459634}, "rock_commission": {"mean": NaN, "stdev": NaN}, "notrock_omission": {"mean": 2.1450589235309867e-05, "stdev": 6.137562454686336e-05}, "notrock_commission": {"mean": 0.06720002951373556, "stdev": 0.0585476616475586}, "f1_rock": {"mean": NaN, "stdev": NaN}, "rock_producers": {"mean": 0.1687775948492752, "stdev": 0.19435704039459484}, "notrock_producers": {"mean": 99.99785494107647, "stdev": 0.006137562454685781}, "rock_users": {"mean": NaN, "stdev": NaN}, "notrock_users": {"mean": 93.27999704862644, "stdev": 5.8547661647558575}}}