{"LC80311222014338LGN00": {"total_pixels": 110889, "correct": 109203, "incorrect": 1686, "notrock": 104692, "false_notrock": 1040, "false_rock": 646, "rock": 4511, "accuracy": 0.9847956064172281, "classification_accuracy": 0.7279328707439083, "rock_omission": 0.1873536299765808, "rock_commission": 0.12526662788442894, "notrock_omission": 0.00613263969317815, "notrock_commission": 0.00983618961147051, "f1_rock": 0.1501448281672627, "rock_producers": 81.26463700234193, "notrock_producers": 99.38673603068219, "rock_users": 87.47333721155711, "notrock_users": 99.01638103885296}, "LC80631112014002LGN00": {"total_pixels": 110889, "correct": 109411, "incorrect": 1478, "notrock": 102872, "false_notrock": 868, "false_rock": 610, "rock": 6539, "accuracy": 0.9866713560407254, "classification_accuracy": 0.8156417612573281, "rock_omission": 0.117186445254489, "rock_commission": 0.08532661910756749, "notrock_omission": 0.005894744979803251, "notrock_commission": 0.008367071524966262, "f1_rock": 0.09875040121779975, "rock_producers": 88.2813554745511, "notrock_producers": 99.41052550201968, "rock_users": 91.46733808924326, "notrock_users": 99.16329284750337}, "LC81041072013303LGN00": {"total_pixels": 111222, "correct": 109471, "incorrect": 1751, "notrock": 105626, "false_notrock": 112, "false_rock": 1639, "rock": 3845, "accuracy": 0.984256711801622, "classification_accuracy": 0.6870979270907791, "rock_omission": 0.028304270912307302, "rock_commission": 0.2988694383661561, "notrock_omission": 0.015279914231109868, "notrock_commission": 0.0010592218502335961, "f1_rock": 0.05171125497571668, "rock_producers": 97.16957290876927, "notrock_producers": 98.47200857688901, "rock_users": 70.11305616338439, "notrock_users": 99.89407781497664}, "LC81431082013352LGN00": {"total_pixels": 111222, "correct": 108563, "incorrect": 2659, "notrock": 86269, "false_notrock": 721, "false_rock": 1938, "rock": 22294, "accuracy": 0.9760928593263922, "classification_accuracy": 0.8934396665731575, "rock_omission": 0.03132739517705844, "rock_commission": 0.07997689006272697, "notrock_omission": 0.021971045381885792, "notrock_commission": 0.008288309001034602, "f1_rock": 0.0450201469715136, "rock_producers": 96.86726048229416, "notrock_producers": 97.80289546181142, "rock_users": 92.00231099372729, "notrock_users": 99.17116909989655}, "LC81681112014002LGN00": {"total_pixels": 111556, "correct": 109013, "incorrect": 2543, "notrock": 101126, "false_notrock": 1732, "false_rock": 811, "rock": 7887, "accuracy": 0.9772042740865574, "classification_accuracy": 0.7561840843720038, "rock_omission": 0.18006029732820458, "rock_commission": 0.09323982524718326, "notrock_omission": 0.007955894326888176, "notrock_commission": 0.016838748565984173, "f1_rock": 0.12285973748296868, "rock_producers": 81.99397026717953, "notrock_producers": 99.20441056731119, "rock_users": 90.67601747528168, "notrock_users": 98.31612514340158}, "LC82071182013336LGN00": {"total_pixels": 111556, "correct": 107066, "incorrect": 4490, "notrock": 101207, "false_notrock": 2593, "false_rock": 1897, "rock": 5859, "accuracy": 0.9597511563698949, "classification_accuracy": 0.5661416561986665, "rock_omission": 0.30679129200189303, "rock_commission": 0.24458483754512636, "notrock_omission": 0.018398898199875852, "notrock_commission": 0.02498073217726397, "f1_rock": 0.2721789874225724, "rock_producers": 69.32087079981069, "notrock_producers": 98.16011018001241, "rock_users": 75.54151624548736, "notrock_users": 97.50192678227361}, "LC82091172014001LGN00": {"total_pixels": 110889, "correct": 110787, "incorrect": 102, "notrock": 110648, "false_notrock": 35, "false_rock": 67, "rock": 139, "accuracy": 0.9990801612423234, "classification_accuracy": 0.5767634854771784, "rock_omission": 0.20114942528735633, "rock_commission": 0.32524271844660196, "notrock_omission": 0.0006051573860813801, "notrock_commission": 0.0003162183894545685, "f1_rock": 0.24856900572397714, "rock_producers": 79.88505747126436, "notrock_producers": 99.93948426139187, "rock_users": 67.47572815533981, "notrock_users": 99.96837816105455}, "LC82131132013362LGN00": {"total_pixels": 110889, "correct": 110369, "incorrect": 520, "notrock": 108277, "false_notrock": 338, "false_rock": 182, "rock": 2092, "accuracy": 0.9953106259412565, "classification_accuracy": 0.8009188361408882, "rock_omission": 0.1390946502057613, "rock_commission": 0.08003518029903255, "notrock_omission": 0.001678053457988733, "notrock_commission": 0.0031119090365050867, "f1_rock": 0.10160611526238943, "rock_producers": 86.09053497942386, "notrock_producers": 99.83219465420112, "rock_users": 91.99648197009674, "notrock_users": 99.6888090963495}, "LC82201072015017LGN00": {"total_pixels": 110889, "correct": 106972, "incorrect": 3917, "notrock": 98071, "false_notrock": 2684, "false_rock": 1233, "rock": 8901, "accuracy": 0.9646763880998115, "classification_accuracy": 0.6944141051646122, "rock_omission": 0.23167889512300388, "rock_commission": 0.1216696269982238, "notrock_omission": 0.012416418271167325, "notrock_commission": 0.0266388764825567, "f1_rock": 0.15954947021572985, "rock_producers": 76.83211048769961, "notrock_producers": 98.75835817288326, "rock_users": 87.83303730017762, "notrock_users": 97.33611235174433}, "ryder_bay_abj": {"total_pixels": 110889, "correct": 110114, "incorrect": 775, "notrock": 107724, "false_notrock": 225, "false_rock": 550, "rock": 2390, "accuracy": 0.9930110290470651, "classification_accuracy": 0.7551342812006319, "rock_omission": 0.08604206500956023, "rock_commission": 0.1870748299319728, "notrock_omission": 0.005079705192382289, "notrock_commission": 0.002084317594419587, "f1_rock": 0.11787117513989762, "rock_producers": 91.39579349904398, "notrock_producers": 99.49202948076177, "rock_users": 81.29251700680273, "notrock_users": 99.79156824055804}, "aggregate": {"total_pixels": {"mean": 111089, "stdev": 281.1778796420515}, "correct": {"mean": 109096, "stdev": 1277.6224011811942}, "incorrect": {"mean": 1992, "stdev": 1427.1184253592971}, "notrock": {"mean": 102651, "stdev": 6897.354057897855}, "false_notrock": {"mean": 1034, "stdev": 986.166314573764}, "false_rock": {"mean": 957, "stdev": 681.8335574023913}, "rock": {"mean": 6445, "stdev": 6194.1903425710125}, "accuracy": {"mean": 0.9820850168372877, "stdev": 0.012814127420050569}, "classification_accuracy": {"mean": 0.7273668674219154, "stdev": 0.10207117598651927}, "rock_omission": {"mean": 0.1508988366276215, "stdev": 0.08840648670863722}, "rock_commission": {"mean": 0.16412865938890203, "stdev": 0.09417111475063043}, "notrock_omission": {"mean": 0.009541247112036081, "stdev": 0.007173830322333983}, "notrock_commission": {"mean": 0.010152159423388905, "stdev": 0.009645100338234836}, "f1_rock": {"mean": 0.13682611225798277, "stdev": 0.07484654349866228}, "rock_producers": {"mean": 84.91011633723785, "stdev": 8.840648670863725}, "notrock_producers": {"mean": 99.0458752887964, "stdev": 0.7173830322334005}, "rock_users": {"mean": 83.5871340611098, "stdev": 9.417111475063043}, "notrock_users": {"mean": 98.98478405766112, "stdev": 0.9645100338234821}}}