{"LC80311222014338LGN00": {"total_pixels": 110889, "correct": 90756, "incorrect": 20133, "notrock": 87083, "false_notrock": 1878, "false_rock": 18255, "rock": 3673, "accuracy": 0.818440061683305, "classification_accuracy": 0.15428883474754262, "rock_omission": 0.3383174202846334, "rock_commission": 0.8324972637723459, "notrock_omission": 0.17329928420892746, "notrock_commission": 0.021110374208923012, "f1_rock": 0.4811151252349159, "rock_producers": 66.16825797153666, "notrock_producers": 82.67007157910726, "rock_users": 16.750273622765413, "notrock_users": 97.8889625791077}, "LC80631112014002LGN00": {"total_pixels": 110889, "correct": 90290, "incorrect": 20599, "notrock": 83468, "false_notrock": 585, "false_rock": 20014, "rock": 6822, "accuracy": 0.8142376610845079, "classification_accuracy": 0.24878742569563472, "rock_omission": 0.07897934386391252, "rock_commission": 0.7457892383365629, "notrock_omission": 0.19340561643570864, "notrock_commission": 0.006959894352372907, "f1_rock": 0.1428326587015207, "rock_producers": 92.10206561360876, "notrock_producers": 80.65943835642913, "rock_users": 25.42107616634372, "notrock_users": 99.3040105647627}, "LC81041072013303LGN00": {"total_pixels": 111222, "correct": 99746, "incorrect": 11476, "notrock": 96457, "false_notrock": 668, "false_rock": 10808, "rock": 3289, "accuracy": 0.8968189746632861, "classification_accuracy": 0.22275651879444633, "rock_omission": 0.16881475865554713, "rock_commission": 0.76668794779031, "notrock_omission": 0.1007598004941034, "notrock_commission": 0.006877734877734878, "f1_rock": 0.27670308162348145, "rock_producers": 83.11852413444528, "notrock_producers": 89.92401995058967, "rock_users": 23.331205220969, "notrock_users": 99.31222651222652}, "LC81431082013352LGN00": {"total_pixels": 111222, "correct": 84833, "incorrect": 26389, "notrock": 69125, "false_notrock": 7307, "false_rock": 19082, "rock": 15708, "accuracy": 0.7627357896818975, "classification_accuracy": 0.373138228377319, "rock_omission": 0.3174885943949598, "rock_commission": 0.5484909456740442, "notrock_omission": 0.21633203713990953, "notrock_commission": 0.09560131881934268, "f1_rock": 0.40217952347127867, "rock_producers": 68.25114056050403, "notrock_producers": 78.36679628600905, "rock_users": 45.15090543259557, "notrock_users": 90.43986811806573}, "LC81681112014002LGN00": {"total_pixels": 111556, "correct": 83704, "incorrect": 27852, "notrock": 77160, "false_notrock": 3075, "false_rock": 24777, "rock": 6544, "accuracy": 0.7503316719853705, "classification_accuracy": 0.19025468077683452, "rock_omission": 0.31967980039505145, "rock_commission": 0.7910666964656301, "notrock_omission": 0.2430618911680744, "notrock_commission": 0.03832492054589643, "f1_rock": 0.4553479022261991, "rock_producers": 68.03201996049485, "notrock_producers": 75.69381088319255, "rock_users": 20.893330353436994, "notrock_users": 96.16750794541036}, "LC82071182013336LGN00": {"total_pixels": 111556, "correct": 86254, "incorrect": 25302, "notrock": 80797, "false_notrock": 2995, "false_rock": 22307, "rock": 5457, "accuracy": 0.7731901466528022, "classification_accuracy": 0.17741148932019896, "rock_omission": 0.3543539990534785, "rock_commission": 0.8034505114536811, "notrock_omission": 0.21635436064556177, "notrock_commission": 0.035743269047164405, "f1_rock": 0.4918030620738612, "rock_producers": 64.56460009465216, "notrock_producers": 78.36456393544383, "rock_users": 19.654948854631897, "notrock_users": 96.42567309528356}, "LC82091172014001LGN00": {"total_pixels": 110889, "correct": 93325, "incorrect": 17564, "notrock": 93195, "false_notrock": 44, "false_rock": 17520, "rock": 130, "accuracy": 0.8416073731389047, "classification_accuracy": 0.007347123318639087, "rock_omission": 0.25287356321839083, "rock_commission": 0.9926345609065156, "notrock_omission": 0.15824414036038478, "notrock_commission": 0.00047190553309237553, "f1_rock": 0.4030660796636933, "rock_producers": 74.71264367816092, "notrock_producers": 84.17558596396152, "rock_users": 0.7365439093484419, "notrock_users": 99.95280944669076}, "LC82131132013362LGN00": {"total_pixels": 110889, "correct": 93554, "incorrect": 17335, "notrock": 91461, "false_notrock": 337, "false_rock": 16998, "rock": 2093, "accuracy": 0.843672501330159, "classification_accuracy": 0.10773110973852172, "rock_omission": 0.13868312757201645, "rock_commission": 0.8903671887276727, "notrock_omission": 0.15672281691699166, "notrock_commission": 0.0036711039456197303, "f1_rock": 0.23998613957822615, "rock_producers": 86.13168724279835, "notrock_producers": 84.32771830830083, "rock_users": 10.963281127232726, "notrock_users": 99.63288960543802}, "LC82201072015017LGN00": {"total_pixels": 110889, "correct": 96372, "incorrect": 14517, "notrock": 90674, "false_notrock": 5887, "false_rock": 8630, "rock": 5698, "accuracy": 0.869085301517734, "classification_accuracy": 0.2818698985901558, "rock_omission": 0.5081570996978853, "rock_commission": 0.6023171412618649, "notrock_omission": 0.0869048578103601, "notrock_commission": 0.06096664284752643, "f1_rock": 0.5512450812680211, "rock_producers": 49.18429003021148, "notrock_producers": 91.309514218964, "rock_users": 39.76828587381351, "notrock_users": 93.90333571524737}, "ryder_bay_abj": {"total_pixels": 110889, "correct": 102788, "incorrect": 8101, "notrock": 101206, "false_notrock": 1033, "false_rock": 7068, "rock": 1582, "accuracy": 0.926944962980999, "classification_accuracy": 0.16337911804192914, "rock_omission": 0.3950286806883365, "rock_commission": 0.8171098265895954, "notrock_omission": 0.06527882963592367, "notrock_commission": 0.010103776445387768, "f1_rock": 0.5325823985247793, "rock_producers": 60.49713193116635, "notrock_producers": 93.47211703640764, "rock_users": 18.289017341040463, "notrock_users": 98.98962235546122}, "aggregate": {"total_pixels": {"mean": 111089, "stdev": 281.1778796420515}, "correct": {"mean": 92162, "stdev": 6298.8618813242765}, "incorrect": {"mean": 18926, "stdev": 6470.340176528588}, "notrock": {"mean": 87062, "stdev": 9604.87876029677}, "false_notrock": {"mean": 2380, "stdev": 2478.479372518561}, "false_rock": {"mean": 16545, "stdev": 5858.428287518761}, "rock": {"mean": 5099, "stdev": 4339.744692951418}, "accuracy": {"mean": 0.8297064444718966, "stdev": 0.05791999087838303}, "classification_accuracy": {"mean": 0.1926964427401222, "stdev": 0.09928000228157771}, "rock_omission": {"mean": 0.2872376387824212, "stdev": 0.12916419757489694}, "rock_commission": {"mean": 0.7790411320978223, "stdev": 0.12854134925994018}, "notrock_omission": {"mean": 0.16103636348159453, "stdev": 0.05997099294212066}, "notrock_commission": {"mean": 0.027983094062306063, "stdev": 0.030604223105969223}, "f1_rock": {"mean": 0.3976861052365977, "stdev": 0.13557541572918258}, "rock_producers": {"mean": 71.27623612175789, "stdev": 12.916419757489694}, "notrock_producers": {"mean": 83.89636365184055, "stdev": 5.997099294212069}, "rock_users": {"mean": 22.095886790217772, "stdev": 12.854134925994016}, "notrock_users": {"mean": 97.2016905937694, "stdev": 3.0604223105969206}}}