{"LC80311222014338LGN00": {"total_pixels": 110889, "correct": 101065, "incorrect": 9824, "notrock": 100091, "false_notrock": 4577, "false_rock": 5247, "rock": 974, "accuracy": 0.9114069023978933, "classification_accuracy": 0.09020188923874792, "rock_omission": 0.8245361196180868, "rock_commission": 0.8434335315865616, "notrock_omission": 0.049811084319049154, "notrock_commission": 0.04372874230901517, "f1_rock": 0.8338777756392604, "rock_producers": 17.546388038191317, "notrock_producers": 95.01889156809509, "rock_users": 15.656646841343836, "notrock_users": 95.62712576909848}, "LC80631112014002LGN00": {"total_pixels": 110889, "correct": 104212, "incorrect": 6677, "notrock": 102763, "false_notrock": 5958, "false_rock": 719, "rock": 1449, "accuracy": 0.9397866334803272, "classification_accuracy": 0.178316514890475, "rock_omission": 0.804374240583232, "rock_commission": 0.3316420664206642, "notrock_omission": 0.006948068263079569, "notrock_commission": 0.05480082044867137, "f1_rock": 0.46964877824004797, "rock_producers": 19.562575941676794, "notrock_producers": 99.30519317369205, "rock_users": 66.83579335793358, "notrock_users": 94.51991795513285}, "LC81041072013303LGN00": {"total_pixels": 111222, "correct": 96762, "incorrect": 14460, "notrock": 95866, "false_notrock": 3061, "false_rock": 11399, "rock": 896, "accuracy": 0.8699897502292712, "classification_accuracy": 0.05834852826256838, "rock_omission": 0.7735658327015416, "rock_commission": 0.9271248474989833, "notrock_omission": 0.1062695194145341, "notrock_commission": 0.030942007743083283, "f1_rock": 0.8434127534458861, "rock_producers": 22.643416729845843, "notrock_producers": 89.37304805854659, "rock_users": 7.287515250101667, "notrock_users": 96.90579922569167}, "LC81431082013352LGN00": {"total_pixels": 111222, "correct": 91377, "incorrect": 19845, "notrock": 86574, "false_notrock": 18212, "false_rock": 1633, "rock": 4803, "accuracy": 0.8215730700760641, "classification_accuracy": 0.1948636806231743, "rock_omission": 0.7913100152074733, "rock_commission": 0.25372902423865756, "notrock_omission": 0.018513269921888287, "notrock_commission": 0.1738018437577539, "f1_rock": 0.3842503685513638, "rock_producers": 20.868998479252664, "notrock_producers": 98.14867300781117, "rock_users": 74.62709757613425, "notrock_users": 82.61981562422461}, "LC81681112014002LGN00": {"total_pixels": 111556, "correct": 101485, "incorrect": 10071, "notrock": 100277, "false_notrock": 8411, "false_rock": 1660, "rock": 1208, "accuracy": 0.9097224712252142, "classification_accuracy": 0.10710169341253657, "rock_omission": 0.8744152198773262, "rock_commission": 0.5788005578800558, "notrock_omission": 0.016284567919401197, "notrock_commission": 0.07738664802002061, "f1_rock": 0.6965407681780684, "rock_producers": 12.558478012267388, "notrock_producers": 98.37154320805988, "rock_users": 42.11994421199442, "notrock_users": 92.26133519799794}, "LC82071182013336LGN00": {"total_pixels": 111556, "correct": 102943, "incorrect": 8613, "notrock": 102436, "false_notrock": 7945, "false_rock": 668, "rock": 507, "accuracy": 0.9227921402703575, "classification_accuracy": 0.055592105263157894, "rock_omission": 0.9400141978230004, "rock_commission": 0.5685106382978723, "notrock_omission": 0.006478895096213532, "notrock_commission": 0.07197796722261983, "f1_rock": 0.7085174321526334, "rock_producers": 5.998580217699953, "notrock_producers": 99.35211049037864, "rock_users": 43.148936170212764, "notrock_users": 92.80220327773802}, "LC82091172014001LGN00": {"total_pixels": 110889, "correct": 108802, "incorrect": 2087, "notrock": 108786, "false_notrock": 158, "false_rock": 1929, "rock": 16, "accuracy": 0.981179377575774, "classification_accuracy": 0.007608178792201617, "rock_omission": 0.9080459770114943, "rock_commission": 0.9917737789203085, "notrock_omission": 0.017423113399268393, "notrock_commission": 0.0014502863856660302, "f1_rock": 0.9480648753569451, "rock_producers": 9.195402298850574, "notrock_producers": 98.25768866007316, "rock_users": 0.8226221079691516, "notrock_users": 99.8549713614334}, "LC82131132013362LGN00": {"total_pixels": 110889, "correct": 108229, "incorrect": 2660, "notrock": 107776, "false_notrock": 1977, "false_rock": 683, "rock": 453, "accuracy": 0.9760120480841201, "classification_accuracy": 0.1455187921619017, "rock_omission": 0.8135802469135802, "rock_commission": 0.6012323943661971, "notrock_omission": 0.006297310504430245, "notrock_commission": 0.018013175038495532, "f1_rock": 0.6914707793654281, "rock_producers": 18.641975308641975, "notrock_producers": 99.37026894955697, "rock_users": 39.87676056338028, "notrock_users": 98.19868249615044}, "LC82201072015017LGN00": {"total_pixels": 110889, "correct": 98483, "incorrect": 12406, "notrock": 95387, "false_notrock": 8489, "false_rock": 3917, "rock": 3096, "accuracy": 0.8881223565908251, "classification_accuracy": 0.1997161656560444, "rock_omission": 0.7327578765645231, "rock_commission": 0.5585341508626835, "notrock_omission": 0.0394445339563361, "notrock_commission": 0.08172243829180946, "f1_rock": 0.6338927054174515, "rock_producers": 26.72421234354769, "notrock_producers": 96.0555466043664, "rock_users": 44.14658491373164, "notrock_users": 91.82775617081906}, "ryder_bay_abj": {"total_pixels": 110889, "correct": 93388, "incorrect": 17501, "notrock": 93023, "false_notrock": 2250, "false_rock": 15251, "rock": 365, "accuracy": 0.8421755088421755, "classification_accuracy": 0.020429866786074106, "rock_omission": 0.8604206500956023, "rock_commission": 0.9766265368852459, "notrock_omission": 0.14085560707094963, "notrock_commission": 0.023616344609700544, "f1_rock": 0.9148481821508927, "rock_producers": 13.957934990439771, "notrock_producers": 85.91443929290504, "rock_users": 2.33734631147541, "notrock_users": 97.63836553902995}, "aggregate": {"total_pixels": {"mean": 111089, "stdev": 281.1778796420515}, "correct": {"mean": 100674, "stdev": 5785.451494913772}, "incorrect": {"mean": 10414, "stdev": 5837.098508677063}, "notrock": {"mean": 99297, "stdev": 6779.786353566018}, "false_notrock": {"mean": 6103, "stdev": 5162.43556860519}, "false_rock": {"mean": 4310, "stdev": 5057.056456081937}, "rock": {"mean": 1376, "stdev": 1475.9962737080334}, "accuracy": {"mean": 0.9062760258772022, "stdev": 0.052532834324484474}, "classification_accuracy": {"mean": 0.10576974150868819, "stdev": 0.07113052738191211}, "rock_omission": {"mean": 0.832302037639586, "stdev": 0.06336256759007057}, "rock_commission": {"mean": 0.663140752695723, "stdev": 0.2617926971722785}, "notrock_omission": {"mean": 0.04083259698651502, "stdev": 0.04659389500216337}, "notrock_commission": {"mean": 0.057744027382683576, "stdev": 0.04884042280136876}, "f1_rock": {"mean": 0.7124524418497977, "stdev": 0.18315831567356705}, "rock_producers": {"mean": 16.769796236041397, "stdev": 6.336256759007056}, "notrock_producers": {"mean": 95.9167403013485, "stdev": 4.659389500216335}, "rock_users": {"mean": 33.6859247304277, "stdev": 26.179269717227843}, "notrock_users": {"mean": 94.22559726173164, "stdev": 4.884042280136874}}}